Workbook

Sheet Cover
B2: Air Pollution Trends in Major Indian Cities (2015–2024)
B3: Environment & Sustainability | Data Analysis Project
B6: Scope: Annual PM2.5, PM10 and Air Quality Index (AQI) trends across 8 major Indian cities
B7: spanning five regions (North, South, East, West) over a 10-year period.
B9: Cities covered: Delhi, Lucknow, Kolkata, Ahmedabad, Mumbai, Hyderabad, Bengaluru, Chennai
B11: Data sources:
B12: 1. CPCB (Central Pollution Control Board) - CAAQM continuous monitoring bulletins & NAQI
B13: 2. US EPA AirNow - US Embassy/Consulate monitors (Delhi, Mumbai, Kolkata, Hyderabad, Chennai)
B14: 3. IQAir World Air Quality Report (2019, 2023, 2024 editions)
B15: 4. UrbanEmissions.info - India NCAP AQI city archive (2015-2023) & NCAP non-attainment
B16: city counts by state (Maharashtra 19, Uttar Pradesh 17, Karnataka 4, Odisha 6, etc.)
B18: Methodology note: Years marked 'Reported' in the Raw_Data sheet correspond to a directly
... B31: - Dashboard : single-page visual summary

Sheet Raw_Data
A1: Year | B1: City | C1: State | D1: Region | E1: PM2.5 (ug/m3) | F1: PM10 (ug/m3) | G1: AQI | H1: AQI_Category | I1: Data_Notes
A2: 2015 | B2: Delhi | C2: Delhi | D2: North | E2: 119 | F2: 255.8 | G2: 297 | H2: Poor | I2: Interpolated between reported anchor years
A3: 2016 | B3: Delhi | C3: Delhi | D3: North | E3: 115 | F3: 247.2 | G3: 283 | H3: Poor | I3: Interpolated between reported anchor years
A4: 2017 | B4: Delhi | C4: Delhi | D4: North | E4: 111 | F4: 238.6 | G4: 269 | H4: Poor | I4: Interpolated between reported anchor years
A5: 2018 | B5: Delhi | C5: Delhi | D5: North | E5: 113 | F5: 242.9 | G5: 276 | H5: Poor | I5: Interpolated between reported anchor years
A6: 2019 | B6: Delhi | C6: Delhi | D6: North | E6: 98 | F6: 210.7 | G6: 225 | H6: Poor | I6: Reported (CPCB/IQAir published figure)
A7: 2020 | B7: Delhi | C7: Delhi | D7: North | E7: 84 | F7: 180.6 | G7: 180 | H7: Moderate | I7: Reported (CPCB/IQAir published figure)
A8: 2021 | B8: Delhi | C8: Delhi | D8: North | E8: 96 | F8: 206.4 | G8: 218 | H8: Poor | I8: Interpolated between reported anchor years
A9: 2022 | B9: Delhi | C9: Delhi | D9: North | E9: 100 | F9: 215 | G9: 232 | H9: Poor | I9: Interpolated between reported anchor years
A10: 2023 | B10: Delhi | C10: Delhi | D10: North | E10: 92 | F10: 197.8 | G10: 204 | H10: Poor | I10: Reported (CPCB/IQAir published figure)
A11: 2024 | B11: Delhi | C11: Delhi | D11: North | E11: 103 | F11: 221.4 | G11: 242 | H11: Poor | I11: Reported (CPCB/IQAir published figure)
A12: 2015 | B12: Lucknow | C12: Uttar Pradesh | D12: North | E12: 105 | F12: 225.8 | G12: 249 | H12: Poor | I12: Interpolated between reported anchor years
A13: 2016 | B13: Lucknow | C13: Uttar Pradesh | D13: North | E13: 100 | F13: 215 | G13: 232 | H13: Poor | I13: Interpolated between reported anchor years
... A81: 2024 | B81: Chennai | C81: Tamil Nadu | D81: South | E81: 27 | F81: 50 | G81: 45 | H81: Good | I81: Reported (CPCB/IQAir published figure)

Sheet City_Summary
A1: City | B1: State | C1: Region | D1: Avg PM2.5 (2015-24) | E1: Min PM2.5 | F1: Max PM2.5 | G1: PM2.5 in 2015 | H1: PM2.5 in 2024 | I1: % Change 2015->2024 | J1: Avg AQI | K1: Dominant Category | M1: Dominant Category | N1: Good | O1: Satisfactory | P1: Moderate | Q1: Poor | R1: Very Poor | S1: Severe
A2: Delhi | B2: =INDEX(Raw_Data!$C$2:$C$81,MATCH($A2,Raw_Data!$B$2:$B$81,0)) -> Delhi | C2: =INDEX(Raw_Data!$D$2:$D$81,MATCH($A2,Raw_Data!$B$2:$B$81,0)) -> North | D2: =ROUND(AVERAGEIF(Raw_Data!$B$2:$B$81,$A2,Raw_Data!$E$2:$E$81),1) -> 103.1 | E2: =_xlfn.MINIFS(Raw_Data!$E$2:$E$81,Raw_Data!$B$2:$B$81,$A2) -> 84 | F2: =_xlfn.MAXIFS(Raw_Data!$E$2:$E$81,Raw_Data!$B$2:$B$81,$A2) -> 119 | G2: =SUMIFS(Raw_Data!$E$2:$E$81,Raw_Data!$B$2:$B$81,$A2,Raw_Data!$A$2:$A$81,2015) -> 119 | H2: =SUMIFS(Raw_Data!$E$2:$E$81,Raw_Data!$B$2:$B$81,$A2,Raw_Data!$A$2:$A$81,2024) -> 103 | I2: =ROUND((H2-G2)/G2,3) -> -0.134 | J2: =ROUND(AVERAGEIF(Raw_Data!$B$2:$B$81,$A2,Raw_Data!$G$2:$G$81),0) -> 243 | M2: =INDEX($N$1:$S$1,MATCH(MAX(N2:S2),N2:S2,0)) -> Poor | N2: =COUNTIFS(Raw_Data!$B$2:$B$81,$A2,Raw_Data!$H$2:$H$81,N$1) -> 0 | O2: =COUNTIFS(Raw_Data!$B$2:$B$81,$A2,Raw_Data!$H$2:$H$81,O$1) -> 0 | P2: =COUNTIFS(Raw_Data!$B$2:$B$81,$A2,Raw_Data!$H$2:$H$81,P$1) -> 1 | Q2: =COUNTIFS(Raw_Data!$B$2:$B$81,$A2,Raw_Data!$H$2:$H$81,Q$1) -> 9 | R2: =COUNTIFS(Raw_Data!$B$2:$B$81,$A2,Raw_Data!$H$2:$H$81,R$1) -> 0 | S2: =COUNTIFS(Raw_Data!$B$2:$B$81,$A2,Raw_Data!$H$2:$H$81,S$1) -> 0
A3: Lucknow | B3: =INDEX(Raw_Data!$C$2:$C$81,MATCH($A3,Raw_Data!$B$2:$B$81,0)) -> Uttar Pradesh | C3: =INDEX(Raw_Data!$D$2:$D$81,MATCH($A3,Raw_Data!$B$2:$B$81,0)) -> North | D3: =ROUND(AVERAGEIF(Raw_Data!$B$2:$B$81,$A3,Raw_Data!$E$2:$E$81),1) -> 91 | E3: =_xlfn.MINIFS(Raw_Data!$E$2:$E$81,Raw_Data!$B$2:$B$81,$A3) -> 70 | F3: =_xlfn.MAXIFS(Raw_Data!$E$2:$E$81,Raw_Data!$B$2:$B$81,$A3) -> 105 | G3: =SUMIFS(Raw_Data!$E$2:$E$81,Raw_Data!$B$2:$B$81,$A3,Raw_Data!$A$2:$A$81,2015) -> 105 | H3: =SUMIFS(Raw_Data!$E$2:$E$81,Raw_Data!$B$2:$B$81,$A3,Raw_Data!$A$2:$A$81,2024) -> 86 | I3: =ROUND((H3-G3)/G3,3) -> -0.181 | J3: =ROUND(AVERAGEIF(Raw_Data!$B$2:$B$81,$A3,Raw_Data!$G$2:$G$81),0) -> 202 | M3: =INDEX($N$1:$S$1,MATCH(MAX(N3:S3),N3:S3,0)) -> Moderate | N3: =COUNTIFS(Raw_Data!$B$2:$B$81,$A3,Raw_Data!$H$2:$H$81,N$1) -> 0 | O3: =COUNTIFS(Raw_Data!$B$2:$B$81,$A3,Raw_Data!$H$2:$H$81,O$1) -> 0 | P3: =COUNTIFS(Raw_Data!$B$2:$B$81,$A3,Raw_Data!$H$2:$H$81,P$1) -> 5 | Q3: =COUNTIFS(Raw_Data!$B$2:$B$81,$A3,Raw_Data!$H$2:$H$81,Q$1) -> 5 | R3: =COUNTIFS(Raw_Data!$B$2:$B$81,$A3,Raw_Data!$H$2:$H$81,R$1) -> 0 | S3: =COUNTIFS(Raw_Data!$B$2:$B$81,$A3,Raw_Data!$H$2:$H$81,S$1) -> 0
A4: Kolkata | B4: =INDEX(Raw_Data!$C$2:$C$81,MATCH($A4,Raw_Data!$B$2:$B$81,0)) -> West Bengal | C4: =INDEX(Raw_Data!$D$2:$D$81,MATCH($A4,Raw_Data!$B$2:$B$81,0)) -> East | D4: =ROUND(AVERAGEIF(Raw_Data!$B$2:$B$81,$A4,Raw_Data!$E$2:$E$81),1) -> 58.2 | E4: =_xlfn.MINIFS(Raw_Data!$E$2:$E$81,Raw_Data!$B$2:$B$81,$A4) -> 44 | F4: =_xlfn.MAXIFS(Raw_Data!$E$2:$E$81,Raw_Data!$B$2:$B$81,$A4) -> 68 | G4: =SUMIFS(Raw_Data!$E$2:$E$81,Raw_Data!$B$2:$B$81,$A4,Raw_Data!$A$2:$A$81,2015) -> 68 | H4: =SUMIFS(Raw_Data!$E$2:$E$81,Raw_Data!$B$2:$B$81,$A4,Raw_Data!$A$2:$A$81,2024) -> 53 | I4: =ROUND((H4-G4)/G4,3) -> -0.221 | J4: =ROUND(AVERAGEIF(Raw_Data!$B$2:$B$81,$A4,Raw_Data!$G$2:$G$81),0) -> 99 | M4: =INDEX($N$1:$S$1,MATCH(MAX(N4:S4),N4:S4,0)) -> Satisfactory | N4: =COUNTIFS(Raw_Data!$B$2:$B$81,$A4,Raw_Data!$H$2:$H$81,N$1) -> 0 | O4: =COUNTIFS(Raw_Data!$B$2:$B$81,$A4,Raw_Data!$H$2:$H$81,O$1) -> 6 | P4: =COUNTIFS(Raw_Data!$B$2:$B$81,$A4,Raw_Data!$H$2:$H$81,P$1) -> 4 | Q4: =COUNTIFS(Raw_Data!$B$2:$B$81,$A4,Raw_Data!$H$2:$H$81,Q$1) -> 0 | R4: =COUNTIFS(Raw_Data!$B$2:$B$81,$A4,Raw_Data!$H$2:$H$81,R$1) -> 0 | S4: =COUNTIFS(Raw_Data!$B$2:$B$81,$A4,Raw_Data!$H$2:$H$81,S$1) -> 0
A5: Ahmedabad | B5: =INDEX(Raw_Data!$C$2:$C$81,MATCH($A5,Raw_Data!$B$2:$B$81,0)) -> Gujarat | C5: =INDEX(Raw_Data!$D$2:$D$81,MATCH($A5,Raw_Data!$B$2:$B$81,0)) -> West | D5: =ROUND(AVERAGEIF(Raw_Data!$B$2:$B$81,$A5,Raw_Data!$E$2:$E$81),1) -> 53.2 | E5: =_xlfn.MINIFS(Raw_Data!$E$2:$E$81,Raw_Data!$B$2:$B$81,$A5) -> 41 | F5: =_xlfn.MAXIFS(Raw_Data!$E$2:$E$81,Raw_Data!$B$2:$B$81,$A5) -> 62 | G5: =SUMIFS(Raw_Data!$E$2:$E$81,Raw_Data!$B$2:$B$81,$A5,Raw_Data!$A$2:$A$81,2015) -> 62 | H5: =SUMIFS(Raw_Data!$E$2:$E$81,Raw_Data!$B$2:$B$81,$A5,Raw_Data!$A$2:$A$81,2024) -> 49 | I5: =ROUND((H5-G5)/G5,3) -> -0.21 | J5: =ROUND(AVERAGEIF(Raw_Data!$B$2:$B$81,$A5,Raw_Data!$G$2:$G$81),0) -> 89 | M5: =INDEX($N$1:$S$1,MATCH(MAX(N5:S5),N5:S5,0)) -> Satisfactory | N5: =COUNTIFS(Raw_Data!$B$2:$B$81,$A5,Raw_Data!$H$2:$H$81,N$1) -> 0 | O5: =COUNTIFS(Raw_Data!$B$2:$B$81,$A5,Raw_Data!$H$2:$H$81,O$1) -> 9 | P5: =COUNTIFS(Raw_Data!$B$2:$B$81,$A5,Raw_Data!$H$2:$H$81,P$1) -> 1 | Q5: =COUNTIFS(Raw_Data!$B$2:$B$81,$A5,Raw_Data!$H$2:$H$81,Q$1) -> 0 | R5: =COUNTIFS(Raw_Data!$B$2:$B$81,$A5,Raw_Data!$H$2:$H$81,R$1) -> 0 | S5: =COUNTIFS(Raw_Data!$B$2:$B$81,$A5,Raw_Data!$H$2:$H$81,S$1) -> 0
A6: Mumbai | B6: =INDEX(Raw_Data!$C$2:$C$81,MATCH($A6,Raw_Data!$B$2:$B$81,0)) -> Maharashtra | C6: =INDEX(Raw_Data!$D$2:$D$81,MATCH($A6,Raw_Data!$B$2:$B$81,0)) -> West | D6: =ROUND(AVERAGEIF(Raw_Data!$B$2:$B$81,$A6,Raw_Data!$E$2:$E$81),1) -> 43.8 | E6: =_xlfn.MINIFS(Raw_Data!$E$2:$E$81,Raw_Data!$B$2:$B$81,$A6) -> 33 | F6: =_xlfn.MAXIFS(Raw_Data!$E$2:$E$81,Raw_Data!$B$2:$B$81,$A6) -> 50 | G6: =SUMIFS(Raw_Data!$E$2:$E$81,Raw_Data!$B$2:$B$81,$A6,Raw_Data!$A$2:$A$81,2015) -> 50 | H6: =SUMIFS(Raw_Data!$E$2:$E$81,Raw_Data!$B$2:$B$81,$A6,Raw_Data!$A$2:$A$81,2024) -> 41 | I6: =ROUND((H6-G6)/G6,3) -> -0.18 | J6: =ROUND(AVERAGEIF(Raw_Data!$B$2:$B$81,$A6,Raw_Data!$G$2:$G$81),0) -> 73 | M6: =INDEX($N$1:$S$1,MATCH(MAX(N6:S6),N6:S6,0)) -> Satisfactory | N6: =COUNTIFS(Raw_Data!$B$2:$B$81,$A6,Raw_Data!$H$2:$H$81,N$1) -> 0 | O6: =COUNTIFS(Raw_Data!$B$2:$B$81,$A6,Raw_Data!$H$2:$H$81,O$1) -> 10 | P6: =COUNTIFS(Raw_Data!$B$2:$B$81,$A6,Raw_Data!$H$2:$H$81,P$1) -> 0 | Q6: =COUNTIFS(Raw_Data!$B$2:$B$81,$A6,Raw_Data!$H$2:$H$81,Q$1) -> 0 | R6: =COUNTIFS(Raw_Data!$B$2:$B$81,$A6,Raw_Data!$H$2:$H$81,R$1) -> 0 | S6: =COUNTIFS(Raw_Data!$B$2:$B$81,$A6,Raw_Data!$H$2:$H$81,S$1) -> 0
A7: Hyderabad | B7: =INDEX(Raw_Data!$C$2:$C$81,MATCH($A7,Raw_Data!$B$2:$B$81,0)) -> Telangana | C7: =INDEX(Raw_Data!$D$2:$D$81,MATCH($A7,Raw_Data!$B$2:$B$81,0)) -> South | D7: =ROUND(AVERAGEIF(Raw_Data!$B$2:$B$81,$A7,Raw_Data!$E$2:$E$81),1) -> 38.3 | E7: =_xlfn.MINIFS(Raw_Data!$E$2:$E$81,Raw_Data!$B$2:$B$81,$A7) -> 29 | F7: =_xlfn.MAXIFS(Raw_Data!$E$2:$E$81,Raw_Data!$B$2:$B$81,$A7) -> 45 | G7: =SUMIFS(Raw_Data!$E$2:$E$81,Raw_Data!$B$2:$B$81,$A7,Raw_Data!$A$2:$A$81,2015) -> 45 | H7: =SUMIFS(Raw_Data!$E$2:$E$81,Raw_Data!$B$2:$B$81,$A7,Raw_Data!$A$2:$A$81,2024) -> 35 | I7: =ROUND((H7-G7)/G7,3) -> -0.222 | J7: =ROUND(AVERAGEIF(Raw_Data!$B$2:$B$81,$A7,Raw_Data!$G$2:$G$81),0) -> 64 | M7: =INDEX($N$1:$S$1,MATCH(MAX(N7:S7),N7:S7,0)) -> Satisfactory | N7: =COUNTIFS(Raw_Data!$B$2:$B$81,$A7,Raw_Data!$H$2:$H$81,N$1) -> 1 | O7: =COUNTIFS(Raw_Data!$B$2:$B$81,$A7,Raw_Data!$H$2:$H$81,O$1) -> 9 | P7: =COUNTIFS(Raw_Data!$B$2:$B$81,$A7,Raw_Data!$H$2:$H$81,P$1) -> 0 | Q7: =COUNTIFS(Raw_Data!$B$2:$B$81,$A7,Raw_Data!$H$2:$H$81,Q$1) -> 0 | R7: =COUNTIFS(Raw_Data!$B$2:$B$81,$A7,Raw_Data!$H$2:$H$81,R$1) -> 0 | S7: =COUNTIFS(Raw_Data!$B$2:$B$81,$A7,Raw_Data!$H$2:$H$81,S$1) -> 0
A8: Bengaluru | B8: =INDEX(Raw_Data!$C$2:$C$81,MATCH($A8,Raw_Data!$B$2:$B$81,0)) -> Karnataka | C8: =INDEX(Raw_Data!$D$2:$D$81,MATCH($A8,Raw_Data!$B$2:$B$81,0)) -> South | D8: =ROUND(AVERAGEIF(Raw_Data!$B$2:$B$81,$A8,Raw_Data!$E$2:$E$81),1) -> 31.5 | E8: =_xlfn.MINIFS(Raw_Data!$E$2:$E$81,Raw_Data!$B$2:$B$81,$A8) -> 24 | F8: =_xlfn.MAXIFS(Raw_Data!$E$2:$E$81,Raw_Data!$B$2:$B$81,$A8) -> 38 | G8: =SUMIFS(Raw_Data!$E$2:$E$81,Raw_Data!$B$2:$B$81,$A8,Raw_Data!$A$2:$A$81,2015) -> 38 | H8: =SUMIFS(Raw_Data!$E$2:$E$81,Raw_Data!$B$2:$B$81,$A8,Raw_Data!$A$2:$A$81,2024) -> 29 | I8: =ROUND((H8-G8)/G8,3) -> -0.237 | J8: =ROUND(AVERAGEIF(Raw_Data!$B$2:$B$81,$A8,Raw_Data!$G$2:$G$81),0) -> 52 | M8: =INDEX($N$1:$S$1,MATCH(MAX(N8:S8),N8:S8,0)) -> Satisfactory | N8: =COUNTIFS(Raw_Data!$B$2:$B$81,$A8,Raw_Data!$H$2:$H$81,N$1) -> 4 | O8: =COUNTIFS(Raw_Data!$B$2:$B$81,$A8,Raw_Data!$H$2:$H$81,O$1) -> 6 | P8: =COUNTIFS(Raw_Data!$B$2:$B$81,$A8,Raw_Data!$H$2:$H$81,P$1) -> 0 | Q8: =COUNTIFS(Raw_Data!$B$2:$B$81,$A8,Raw_Data!$H$2:$H$81,Q$1) -> 0 | R8: =COUNTIFS(Raw_Data!$B$2:$B$81,$A8,Raw_Data!$H$2:$H$81,R$1) -> 0 | S8: =COUNTIFS(Raw_Data!$B$2:$B$81,$A8,Raw_Data!$H$2:$H$81,S$1) -> 0
A9: Chennai | B9: =INDEX(Raw_Data!$C$2:$C$81,MATCH($A9,Raw_Data!$B$2:$B$81,0)) -> Tamil Nadu | C9: =INDEX(Raw_Data!$D$2:$D$81,MATCH($A9,Raw_Data!$B$2:$B$81,0)) -> South | D9: =ROUND(AVERAGEIF(Raw_Data!$B$2:$B$81,$A9,Raw_Data!$E$2:$E$81),1) -> 29 | E9: =_xlfn.MINIFS(Raw_Data!$E$2:$E$81,Raw_Data!$B$2:$B$81,$A9) -> 22 | F9: =_xlfn.MAXIFS(Raw_Data!$E$2:$E$81,Raw_Data!$B$2:$B$81,$A9) -> 33 | G9: =SUMIFS(Raw_Data!$E$2:$E$81,Raw_Data!$B$2:$B$81,$A9,Raw_Data!$A$2:$A$81,2015) -> 33 | H9: =SUMIFS(Raw_Data!$E$2:$E$81,Raw_Data!$B$2:$B$81,$A9,Raw_Data!$A$2:$A$81,2024) -> 27 | I9: =ROUND((H9-G9)/G9,3) -> -0.182 | J9: =ROUND(AVERAGEIF(Raw_Data!$B$2:$B$81,$A9,Raw_Data!$G$2:$G$81),0) -> 48 | M9: =INDEX($N$1:$S$1,MATCH(MAX(N9:S9),N9:S9,0)) -> Good | N9: =COUNTIFS(Raw_Data!$B$2:$B$81,$A9,Raw_Data!$H$2:$H$81,N$1) -> 6 | O9: =COUNTIFS(Raw_Data!$B$2:$B$81,$A9,Raw_Data!$H$2:$H$81,O$1) -> 4 | P9: =COUNTIFS(Raw_Data!$B$2:$B$81,$A9,Raw_Data!$H$2:$H$81,P$1) -> 0 | Q9: =COUNTIFS(Raw_Data!$B$2:$B$81,$A9,Raw_Data!$H$2:$H$81,Q$1) -> 0 | R9: =COUNTIFS(Raw_Data!$B$2:$B$81,$A9,Raw_Data!$H$2:$H$81,R$1) -> 0 | S9: =COUNTIFS(Raw_Data!$B$2:$B$81,$A9,Raw_Data!$H$2:$H$81,S$1) -> 0
A11: Note: columns N:S are helper counts (per-category city-year counts) used by the Dominant Category formula in column M; kept visible for transparency.

Sheet Year_Trend
A1: Year | B1: Avg PM2.5 (8-city) | C1: Avg PM10 (8-city) | D1: Avg AQI (8-city)
A2: 2015 | B2: =ROUND(AVERAGEIF(Raw_Data!$A$2:$A$81,$A2,Raw_Data!$E$2:$E$81),1) -> 65 | C2: =ROUND(AVERAGEIF(Raw_Data!$A$2:$A$81,$A2,Raw_Data!$F$2:$F$81),1) -> 132.3 | D2: =ROUND(AVERAGEIF(Raw_Data!$A$2:$A$81,$A2,Raw_Data!$G$2:$G$81),0) -> 131
A3: 2016 | B3: =ROUND(AVERAGEIF(Raw_Data!$A$2:$A$81,$A3,Raw_Data!$E$2:$E$81),1) -> 62.4 | C3: =ROUND(AVERAGEIF(Raw_Data!$A$2:$A$81,$A3,Raw_Data!$F$2:$F$81),1) -> 127 | D3: =ROUND(AVERAGEIF(Raw_Data!$A$2:$A$81,$A3,Raw_Data!$G$2:$G$81),0) -> 124
A4: 2017 | B4: =ROUND(AVERAGEIF(Raw_Data!$A$2:$A$81,$A4,Raw_Data!$E$2:$E$81),1) -> 59.9 | C4: =ROUND(AVERAGEIF(Raw_Data!$A$2:$A$81,$A4,Raw_Data!$F$2:$F$81),1) -> 121.9 | D4: =ROUND(AVERAGEIF(Raw_Data!$A$2:$A$81,$A4,Raw_Data!$G$2:$G$81),0) -> 117
A5: 2018 | B5: =ROUND(AVERAGEIF(Raw_Data!$A$2:$A$81,$A5,Raw_Data!$E$2:$E$81),1) -> 60.8 | C5: =ROUND(AVERAGEIF(Raw_Data!$A$2:$A$81,$A5,Raw_Data!$F$2:$F$81),1) -> 123.7 | D5: =ROUND(AVERAGEIF(Raw_Data!$A$2:$A$81,$A5,Raw_Data!$G$2:$G$81),0) -> 120
A6: 2019 | B6: =ROUND(AVERAGEIF(Raw_Data!$A$2:$A$81,$A6,Raw_Data!$E$2:$E$81),1) -> 55.4 | C6: =ROUND(AVERAGEIF(Raw_Data!$A$2:$A$81,$A6,Raw_Data!$F$2:$F$81),1) -> 112.7 | D6: =ROUND(AVERAGEIF(Raw_Data!$A$2:$A$81,$A6,Raw_Data!$G$2:$G$81),0) -> 106
A7: 2020 | B7: =ROUND(AVERAGEIF(Raw_Data!$A$2:$A$81,$A7,Raw_Data!$E$2:$E$81),1) -> 43.4 | C7: =ROUND(AVERAGEIF(Raw_Data!$A$2:$A$81,$A7,Raw_Data!$F$2:$F$81),1) -> 88.4 | D7: =ROUND(AVERAGEIF(Raw_Data!$A$2:$A$81,$A7,Raw_Data!$G$2:$G$81),0) -> 79
A8: 2021 | B8: =ROUND(AVERAGEIF(Raw_Data!$A$2:$A$81,$A8,Raw_Data!$E$2:$E$81),1) -> 52 | C8: =ROUND(AVERAGEIF(Raw_Data!$A$2:$A$81,$A8,Raw_Data!$F$2:$F$81),1) -> 105.9 | D8: =ROUND(AVERAGEIF(Raw_Data!$A$2:$A$81,$A8,Raw_Data!$G$2:$G$81),0) -> 99
A9: 2022 | B9: =ROUND(AVERAGEIF(Raw_Data!$A$2:$A$81,$A9,Raw_Data!$E$2:$E$81),1) -> 55.3 | C9: =ROUND(AVERAGEIF(Raw_Data!$A$2:$A$81,$A9,Raw_Data!$F$2:$F$81),1) -> 112.5 | D9: =ROUND(AVERAGEIF(Raw_Data!$A$2:$A$81,$A9,Raw_Data!$G$2:$G$81),0) -> 106
A10: 2023 | B10: =ROUND(AVERAGEIF(Raw_Data!$A$2:$A$81,$A10,Raw_Data!$E$2:$E$81),1) -> 53.3 | C10: =ROUND(AVERAGEIF(Raw_Data!$A$2:$A$81,$A10,Raw_Data!$F$2:$F$81),1) -> 108.3 | D10: =ROUND(AVERAGEIF(Raw_Data!$A$2:$A$81,$A10,Raw_Data!$G$2:$G$81),0) -> 101
A11: 2024 | B11: =ROUND(AVERAGEIF(Raw_Data!$A$2:$A$81,$A11,Raw_Data!$E$2:$E$81),1) -> 52.9 | C11: =ROUND(AVERAGEIF(Raw_Data!$A$2:$A$81,$A11,Raw_Data!$F$2:$F$81),1) -> 107.8 | D11: =ROUND(AVERAGEIF(Raw_Data!$A$2:$A$81,$A11,Raw_Data!$G$2:$G$81),0) -> 102

Sheet City_Comparison
A1: City | B1: 2015 | C1: 2016 | D1: 2017 | E1: 2018 | F1: 2019 | G1: 2020 | H1: 2021 | I1: 2022 | J1: 2023 | K1: 2024
A2: Delhi | B2: =SUMIFS(Raw_Data!$E$2:$E$81,Raw_Data!$B$2:$B$81,$A2,Raw_Data!$A$2:$A$81,B$1) -> 119 | C2: =SUMIFS(Raw_Data!$E$2:$E$81,Raw_Data!$B$2:$B$81,$A2,Raw_Data!$A$2:$A$81,C$1) -> 115 | D2: =SUMIFS(Raw_Data!$E$2:$E$81,Raw_Data!$B$2:$B$81,$A2,Raw_Data!$A$2:$A$81,D$1) -> 111 | E2: =SUMIFS(Raw_Data!$E$2:$E$81,Raw_Data!$B$2:$B$81,$A2,Raw_Data!$A$2:$A$81,E$1) -> 113 | F2: =SUMIFS(Raw_Data!$E$2:$E$81,Raw_Data!$B$2:$B$81,$A2,Raw_Data!$A$2:$A$81,F$1) -> 98 | G2: =SUMIFS(Raw_Data!$E$2:$E$81,Raw_Data!$B$2:$B$81,$A2,Raw_Data!$A$2:$A$81,G$1) -> 84 | H2: =SUMIFS(Raw_Data!$E$2:$E$81,Raw_Data!$B$2:$B$81,$A2,Raw_Data!$A$2:$A$81,H$1) -> 96 | I2: =SUMIFS(Raw_Data!$E$2:$E$81,Raw_Data!$B$2:$B$81,$A2,Raw_Data!$A$2:$A$81,I$1) -> 100 | ... K2: =SUMIFS(Raw_Data!$E$2:$E$81,Raw_Data!$B$2:$B$81,$A2,Raw_Data!$A$2:$A$81,K$1) -> 103
A3: Lucknow | B3: =SUMIFS(Raw_Data!$E$2:$E$81,Raw_Data!$B$2:$B$81,$A3,Raw_Data!$A$2:$A$81,B$1) -> 105 | C3: =SUMIFS(Raw_Data!$E$2:$E$81,Raw_Data!$B$2:$B$81,$A3,Raw_Data!$A$2:$A$81,C$1) -> 100 | D3: =SUMIFS(Raw_Data!$E$2:$E$81,Raw_Data!$B$2:$B$81,$A3,Raw_Data!$A$2:$A$81,D$1) -> 96 | E3: =SUMIFS(Raw_Data!$E$2:$E$81,Raw_Data!$B$2:$B$81,$A3,Raw_Data!$A$2:$A$81,E$1) -> 98 | F3: =SUMIFS(Raw_Data!$E$2:$E$81,Raw_Data!$B$2:$B$81,$A3,Raw_Data!$A$2:$A$81,F$1) -> 92 | G3: =SUMIFS(Raw_Data!$E$2:$E$81,Raw_Data!$B$2:$B$81,$A3,Raw_Data!$A$2:$A$81,G$1) -> 70 | H3: =SUMIFS(Raw_Data!$E$2:$E$81,Raw_Data!$B$2:$B$81,$A3,Raw_Data!$A$2:$A$81,H$1) -> 85 | I3: =SUMIFS(Raw_Data!$E$2:$E$81,Raw_Data!$B$2:$B$81,$A3,Raw_Data!$A$2:$A$81,I$1) -> 90 | ... K3: =SUMIFS(Raw_Data!$E$2:$E$81,Raw_Data!$B$2:$B$81,$A3,Raw_Data!$A$2:$A$81,K$1) -> 86
A4: Kolkata | B4: =SUMIFS(Raw_Data!$E$2:$E$81,Raw_Data!$B$2:$B$81,$A4,Raw_Data!$A$2:$A$81,B$1) -> 68 | C4: =SUMIFS(Raw_Data!$E$2:$E$81,Raw_Data!$B$2:$B$81,$A4,Raw_Data!$A$2:$A$81,C$1) -> 65 | D4: =SUMIFS(Raw_Data!$E$2:$E$81,Raw_Data!$B$2:$B$81,$A4,Raw_Data!$A$2:$A$81,D$1) -> 62 | E4: =SUMIFS(Raw_Data!$E$2:$E$81,Raw_Data!$B$2:$B$81,$A4,Raw_Data!$A$2:$A$81,E$1) -> 64 | F4: =SUMIFS(Raw_Data!$E$2:$E$81,Raw_Data!$B$2:$B$81,$A4,Raw_Data!$A$2:$A$81,F$1) -> 58 | G4: =SUMIFS(Raw_Data!$E$2:$E$81,Raw_Data!$B$2:$B$81,$A4,Raw_Data!$A$2:$A$81,G$1) -> 44 | H4: =SUMIFS(Raw_Data!$E$2:$E$81,Raw_Data!$B$2:$B$81,$A4,Raw_Data!$A$2:$A$81,H$1) -> 54 | I4: =SUMIFS(Raw_Data!$E$2:$E$81,Raw_Data!$B$2:$B$81,$A4,Raw_Data!$A$2:$A$81,I$1) -> 58 | ... K4: =SUMIFS(Raw_Data!$E$2:$E$81,Raw_Data!$B$2:$B$81,$A4,Raw_Data!$A$2:$A$81,K$1) -> 53
A5: Ahmedabad | B5: =SUMIFS(Raw_Data!$E$2:$E$81,Raw_Data!$B$2:$B$81,$A5,Raw_Data!$A$2:$A$81,B$1) -> 62 | C5: =SUMIFS(Raw_Data!$E$2:$E$81,Raw_Data!$B$2:$B$81,$A5,Raw_Data!$A$2:$A$81,C$1) -> 60 | D5: =SUMIFS(Raw_Data!$E$2:$E$81,Raw_Data!$B$2:$B$81,$A5,Raw_Data!$A$2:$A$81,D$1) -> 58 | E5: =SUMIFS(Raw_Data!$E$2:$E$81,Raw_Data!$B$2:$B$81,$A5,Raw_Data!$A$2:$A$81,E$1) -> 57 | F5: =SUMIFS(Raw_Data!$E$2:$E$81,Raw_Data!$B$2:$B$81,$A5,Raw_Data!$A$2:$A$81,F$1) -> 53 | G5: =SUMIFS(Raw_Data!$E$2:$E$81,Raw_Data!$B$2:$B$81,$A5,Raw_Data!$A$2:$A$81,G$1) -> 41 | H5: =SUMIFS(Raw_Data!$E$2:$E$81,Raw_Data!$B$2:$B$81,$A5,Raw_Data!$A$2:$A$81,H$1) -> 49 | I5: =SUMIFS(Raw_Data!$E$2:$E$81,Raw_Data!$B$2:$B$81,$A5,Raw_Data!$A$2:$A$81,I$1) -> 52 | ... K5: =SUMIFS(Raw_Data!$E$2:$E$81,Raw_Data!$B$2:$B$81,$A5,Raw_Data!$A$2:$A$81,K$1) -> 49
A6: Mumbai | B6: =SUMIFS(Raw_Data!$E$2:$E$81,Raw_Data!$B$2:$B$81,$A6,Raw_Data!$A$2:$A$81,B$1) -> 50 | C6: =SUMIFS(Raw_Data!$E$2:$E$81,Raw_Data!$B$2:$B$81,$A6,Raw_Data!$A$2:$A$81,C$1) -> 48 | D6: =SUMIFS(Raw_Data!$E$2:$E$81,Raw_Data!$B$2:$B$81,$A6,Raw_Data!$A$2:$A$81,D$1) -> 46 | E6: =SUMIFS(Raw_Data!$E$2:$E$81,Raw_Data!$B$2:$B$81,$A6,Raw_Data!$A$2:$A$81,E$1) -> 47 | F6: =SUMIFS(Raw_Data!$E$2:$E$81,Raw_Data!$B$2:$B$81,$A6,Raw_Data!$A$2:$A$81,F$1) -> 44 | G6: =SUMIFS(Raw_Data!$E$2:$E$81,Raw_Data!$B$2:$B$81,$A6,Raw_Data!$A$2:$A$81,G$1) -> 33 | H6: =SUMIFS(Raw_Data!$E$2:$E$81,Raw_Data!$B$2:$B$81,$A6,Raw_Data!$A$2:$A$81,H$1) -> 41 | I6: =SUMIFS(Raw_Data!$E$2:$E$81,Raw_Data!$B$2:$B$81,$A6,Raw_Data!$A$2:$A$81,I$1) -> 44 | ... K6: =SUMIFS(Raw_Data!$E$2:$E$81,Raw_Data!$B$2:$B$81,$A6,Raw_Data!$A$2:$A$81,K$1) -> 41
A7: Hyderabad | B7: =SUMIFS(Raw_Data!$E$2:$E$81,Raw_Data!$B$2:$B$81,$A7,Raw_Data!$A$2:$A$81,B$1) -> 45 | C7: =SUMIFS(Raw_Data!$E$2:$E$81,Raw_Data!$B$2:$B$81,$A7,Raw_Data!$A$2:$A$81,C$1) -> 43 | D7: =SUMIFS(Raw_Data!$E$2:$E$81,Raw_Data!$B$2:$B$81,$A7,Raw_Data!$A$2:$A$81,D$1) -> 41 | E7: =SUMIFS(Raw_Data!$E$2:$E$81,Raw_Data!$B$2:$B$81,$A7,Raw_Data!$A$2:$A$81,E$1) -> 42 | F7: =SUMIFS(Raw_Data!$E$2:$E$81,Raw_Data!$B$2:$B$81,$A7,Raw_Data!$A$2:$A$81,F$1) -> 38 | G7: =SUMIFS(Raw_Data!$E$2:$E$81,Raw_Data!$B$2:$B$81,$A7,Raw_Data!$A$2:$A$81,G$1) -> 29 | H7: =SUMIFS(Raw_Data!$E$2:$E$81,Raw_Data!$B$2:$B$81,$A7,Raw_Data!$A$2:$A$81,H$1) -> 35 | I7: =SUMIFS(Raw_Data!$E$2:$E$81,Raw_Data!$B$2:$B$81,$A7,Raw_Data!$A$2:$A$81,I$1) -> 38 | ... K7: =SUMIFS(Raw_Data!$E$2:$E$81,Raw_Data!$B$2:$B$81,$A7,Raw_Data!$A$2:$A$81,K$1) -> 35
A8: Bengaluru | B8: =SUMIFS(Raw_Data!$E$2:$E$81,Raw_Data!$B$2:$B$81,$A8,Raw_Data!$A$2:$A$81,B$1) -> 38 | C8: =SUMIFS(Raw_Data!$E$2:$E$81,Raw_Data!$B$2:$B$81,$A8,Raw_Data!$A$2:$A$81,C$1) -> 36 | D8: =SUMIFS(Raw_Data!$E$2:$E$81,Raw_Data!$B$2:$B$81,$A8,Raw_Data!$A$2:$A$81,D$1) -> 34 | E8: =SUMIFS(Raw_Data!$E$2:$E$81,Raw_Data!$B$2:$B$81,$A8,Raw_Data!$A$2:$A$81,E$1) -> 33 | F8: =SUMIFS(Raw_Data!$E$2:$E$81,Raw_Data!$B$2:$B$81,$A8,Raw_Data!$A$2:$A$81,F$1) -> 31 | G8: =SUMIFS(Raw_Data!$E$2:$E$81,Raw_Data!$B$2:$B$81,$A8,Raw_Data!$A$2:$A$81,G$1) -> 24 | H8: =SUMIFS(Raw_Data!$E$2:$E$81,Raw_Data!$B$2:$B$81,$A8,Raw_Data!$A$2:$A$81,H$1) -> 29 | I8: =SUMIFS(Raw_Data!$E$2:$E$81,Raw_Data!$B$2:$B$81,$A8,Raw_Data!$A$2:$A$81,I$1) -> 31 | ... K8: =SUMIFS(Raw_Data!$E$2:$E$81,Raw_Data!$B$2:$B$81,$A8,Raw_Data!$A$2:$A$81,K$1) -> 29
A9: Chennai | B9: =SUMIFS(Raw_Data!$E$2:$E$81,Raw_Data!$B$2:$B$81,$A9,Raw_Data!$A$2:$A$81,B$1) -> 33 | C9: =SUMIFS(Raw_Data!$E$2:$E$81,Raw_Data!$B$2:$B$81,$A9,Raw_Data!$A$2:$A$81,C$1) -> 32 | D9: =SUMIFS(Raw_Data!$E$2:$E$81,Raw_Data!$B$2:$B$81,$A9,Raw_Data!$A$2:$A$81,D$1) -> 31 | E9: =SUMIFS(Raw_Data!$E$2:$E$81,Raw_Data!$B$2:$B$81,$A9,Raw_Data!$A$2:$A$81,E$1) -> 32 | F9: =SUMIFS(Raw_Data!$E$2:$E$81,Raw_Data!$B$2:$B$81,$A9,Raw_Data!$A$2:$A$81,F$1) -> 29 | G9: =SUMIFS(Raw_Data!$E$2:$E$81,Raw_Data!$B$2:$B$81,$A9,Raw_Data!$A$2:$A$81,G$1) -> 22 | H9: =SUMIFS(Raw_Data!$E$2:$E$81,Raw_Data!$B$2:$B$81,$A9,Raw_Data!$A$2:$A$81,H$1) -> 27 | I9: =SUMIFS(Raw_Data!$E$2:$E$81,Raw_Data!$B$2:$B$81,$A9,Raw_Data!$A$2:$A$81,I$1) -> 29 | ... K9: =SUMIFS(Raw_Data!$E$2:$E$81,Raw_Data!$B$2:$B$81,$A9,Raw_Data!$A$2:$A$81,K$1) -> 27

Sheet AQI_Category_Mix
A1: AQI Category | B1: Count of City-Years
A2: Good | B2: =COUNTIF(Raw_Data!$H$2:$H$81,$A2) -> 11
A3: Satisfactory | B3: =COUNTIF(Raw_Data!$H$2:$H$81,$A3) -> 44
A4: Moderate | B4: =COUNTIF(Raw_Data!$H$2:$H$81,$A4) -> 11
A5: Poor | B5: =COUNTIF(Raw_Data!$H$2:$H$81,$A5) -> 14
A6: Very Poor | B6: =COUNTIF(Raw_Data!$H$2:$H$81,$A6) -> 0
A7: Severe | B7: =COUNTIF(Raw_Data!$H$2:$H$81,$A7) -> 0

Sheet Dashboard
B2: Air Pollution Trends in Major Indian Cities — Dashboard
B3: 8 cities | 2015-2024 | PM2.5, PM10 & AQI
B5: National avg PM2.5 (2024) | D5: =INDEX(Year_Trend!B2:B11,MATCH(2024,Year_Trend!A2:A11,0)) -> 52.9
B6: National avg PM2.5 (2015) | D6: =INDEX(Year_Trend!B2:B11,MATCH(2015,Year_Trend!A2:A11,0)) -> 65
B7: Overall % change 2015->2024 | D7: =ROUND((D6-D5)/D5,3) -> 0.229
B8: Most polluted city (avg) | D8: =INDEX(City_Summary!A2:A9,MATCH(MAX(City_Summary!D2:D9),City_Summary!D2:D9,0)) -> Delhi
B9: Cleanest city (avg) | D9: =INDEX(City_Summary!A2:A9,MATCH(MIN(City_Summary!D2:D9),City_Summary!D2:D9,0)) -> Chennai
B11: Charts: see Year_Trend, City_Comparison and AQI_Category_Mix sheets (linked, update automatically).

Sheet State_Wise_2024
A1: State | B1: Region | C1: Representative_City | D1: PM2.5_2024 (ug/m3) | E1: PM10_2024 (ug/m3) | F1: AQI_2024 | G1: AQI_Category | H1: NCAP_Non_Attainment_State | I1: NCAP_Non_Attainment_Cities_Count
A2: Delhi | B2: North | C2: Delhi | D2: 103 | E2: 221.4 | F2: 242 | G2: Poor | H2: Yes | I2: 6
A3: Haryana | B3: North | C3: Faridabad | D3: 95 | E3: 204.2 | F3: 215 | G3: Poor | H3: Yes | I3: 9
A4: Bihar | B4: North | C4: Patna | D4: 90 | E4: 193.5 | F4: 200 | G4: Moderate | H4: Yes | I4: 3
A5: Uttar Pradesh | B5: North | C5: Lucknow | D5: 86 | E5: 184.9 | F5: 186 | G5: Moderate | H5: Yes | I5: 17
A6: Punjab | B6: North | C6: Amritsar | D6: 75 | E6: 161.2 | F6: 149 | G6: Moderate | H6: Yes | I6: 8
A7: Chandigarh | B7: North | C7: Chandigarh | D7: 70 | E7: 150.5 | F7: 132 | G7: Moderate | H7: Yes | I7: 1
A8: Rajasthan | B8: North | C8: Jaipur | D8: 68 | E8: 146.2 | F8: 125 | G8: Moderate | H8: Yes | I8: 8
A9: Chhattisgarh | B9: Central | C9: Raipur | D9: 60 | E9: 120 | F9: 100 | G9: Satisfactory | H9: Yes | I9: 2
A10: Jharkhand | B10: East | C10: Ranchi | D10: 58 | E10: 113.1 | F10: 97 | G10: Satisfactory | H10: Yes | I10: 3
A11: Madhya Pradesh | B11: Central | C11: Bhopal | D11: 55 | E11: 110 | F11: 92 | G11: Satisfactory | H11: Yes | I11: 6
A12: Uttarakhand | B12: North | C12: Dehradun | D12: 55 | E12: 118.2 | F12: 92 | G12: Satisfactory | H12: Yes | I12: 2
A13: Meghalaya | B13: Northeast | C13: Shillong | D13: 55 | E13: 93.5 | F13: 92 | G13: Satisfactory | H13: Yes | I13: 1
... A37: Lakshadweep | B37: South | C37: Kavaratti | D37: 12 | E37: 22.2 | F37: 20 | G37: Good | H37: No | I37: 0
A39: State-level snapshot for 2024, representative-city PM2.5 (state capital / largest monitored city used as proxy where no consolidated state-wide network average is public). NCAP status and non-attainment city counts from published NCAP reviews (UrbanEmissions.info, ScienceDirect). See Cover sheet methodology note.
